{
  "Total" : {
    "transaction" : "Total",
    "sampleCount" : 600,
    "errorCount" : 0,
    "errorPct" : 0.0,
    "meanResTime" : 357.6950000000001,
    "medianResTime" : 304.0,
    "minResTime" : 262.0,
    "maxResTime" : 4130.0,
    "pct1ResTime" : 379.79999999999995,
    "pct2ResTime" : 562.5999999999995,
    "pct3ResTime" : 1733.99,
    "throughput" : 19.412449851171218,
    "receivedKBytesPerSec" : 1423.9157085139768,
    "sentKBytesPerSec" : 3.5734832001423578
  },
  "HTTP Request" : {
    "transaction" : "HTTP Request",
    "sampleCount" : 600,
    "errorCount" : 0,
    "errorPct" : 0.0,
    "meanResTime" : 357.6950000000001,
    "medianResTime" : 304.0,
    "minResTime" : 262.0,
    "maxResTime" : 4130.0,
    "pct1ResTime" : 379.79999999999995,
    "pct2ResTime" : 562.5999999999995,
    "pct3ResTime" : 1733.99,
    "throughput" : 19.412449851171218,
    "receivedKBytesPerSec" : 1423.9157085139768,
    "sentKBytesPerSec" : 3.5734832001423578
  }
}