{
  "Total" : {
    "transaction" : "Total",
    "sampleCount" : 400,
    "errorCount" : 0,
    "errorPct" : 0.0,
    "meanResTime" : 356.19750000000005,
    "medianResTime" : 306.0,
    "minResTime" : 265.0,
    "maxResTime" : 1836.0,
    "pct1ResTime" : 368.80000000000007,
    "pct2ResTime" : 578.4499999999998,
    "pct3ResTime" : 1696.89,
    "throughput" : 17.631242561819544,
    "receivedKBytesPerSec" : 445.01320793571205,
    "sentKBytesPerSec" : 3.245594944241195
  },
  "HTTP Request" : {
    "transaction" : "HTTP Request",
    "sampleCount" : 400,
    "errorCount" : 0,
    "errorPct" : 0.0,
    "meanResTime" : 356.19750000000005,
    "medianResTime" : 306.0,
    "minResTime" : 265.0,
    "maxResTime" : 1836.0,
    "pct1ResTime" : 368.80000000000007,
    "pct2ResTime" : 578.4499999999998,
    "pct3ResTime" : 1696.89,
    "throughput" : 17.631242561819544,
    "receivedKBytesPerSec" : 445.01320793571205,
    "sentKBytesPerSec" : 3.245594944241195
  }
}