{
  "Total" : {
    "transaction" : "Total",
    "sampleCount" : 800,
    "errorCount" : 0,
    "errorPct" : 0.0,
    "meanResTime" : 338.8824999999996,
    "medianResTime" : 306.0,
    "minResTime" : 265.0,
    "maxResTime" : 1782.0,
    "pct1ResTime" : 334.0,
    "pct2ResTime" : 520.3499999999923,
    "pct3ResTime" : 1398.98,
    "throughput" : 24.674603664178644,
    "receivedKBytesPerSec" : 719.8785498658319,
    "sentKBytesPerSec" : 4.542151162790698
  },
  "HTTP Request" : {
    "transaction" : "HTTP Request",
    "sampleCount" : 800,
    "errorCount" : 0,
    "errorPct" : 0.0,
    "meanResTime" : 338.8824999999996,
    "medianResTime" : 306.0,
    "minResTime" : 265.0,
    "maxResTime" : 1782.0,
    "pct1ResTime" : 334.0,
    "pct2ResTime" : 520.3499999999923,
    "pct3ResTime" : 1398.98,
    "throughput" : 24.674603664178644,
    "receivedKBytesPerSec" : 719.8785498658319,
    "sentKBytesPerSec" : 4.542151162790698
  }
}