{
  "Total" : {
    "transaction" : "Total",
    "sampleCount" : 2000,
    "errorCount" : 0,
    "errorPct" : 0.0,
    "meanResTime" : 360.7970000000002,
    "medianResTime" : 309.0,
    "minResTime" : 264.0,
    "maxResTime" : 2072.0,
    "pct1ResTime" : 426.9000000000001,
    "pct2ResTime" : 623.7999999999993,
    "pct3ResTime" : 1458.99,
    "throughput" : 32.165200469611925,
    "receivedKBytesPerSec" : 1234.7346597122823,
    "sentKBytesPerSec" : 5.921035438009617
  },
  "HTTP Request" : {
    "transaction" : "HTTP Request",
    "sampleCount" : 2000,
    "errorCount" : 0,
    "errorPct" : 0.0,
    "meanResTime" : 360.7970000000002,
    "medianResTime" : 309.0,
    "minResTime" : 264.0,
    "maxResTime" : 2072.0,
    "pct1ResTime" : 426.9000000000001,
    "pct2ResTime" : 623.7999999999993,
    "pct3ResTime" : 1458.99,
    "throughput" : 32.165200469611925,
    "receivedKBytesPerSec" : 1234.7346597122823,
    "sentKBytesPerSec" : 5.921035438009617
  }
}