{
  "Total" : {
    "transaction" : "Total",
    "sampleCount" : 4000,
    "errorCount" : 0,
    "errorPct" : 0.0,
    "meanResTime" : 491.2087500000003,
    "medianResTime" : 340.5,
    "minResTime" : 262.0,
    "maxResTime" : 7888.0,
    "pct1ResTime" : 826.9000000000001,
    "pct2ResTime" : 1157.749999999999,
    "pct3ResTime" : 2247.9399999999987,
    "throughput" : 34.1492149949203,
    "receivedKBytesPerSec" : 1984.88141051465,
    "sentKBytesPerSec" : 6.286256861857888
  },
  "HTTP Request" : {
    "transaction" : "HTTP Request",
    "sampleCount" : 4000,
    "errorCount" : 0,
    "errorPct" : 0.0,
    "meanResTime" : 491.2087500000003,
    "medianResTime" : 340.5,
    "minResTime" : 262.0,
    "maxResTime" : 7888.0,
    "pct1ResTime" : 826.9000000000001,
    "pct2ResTime" : 1157.749999999999,
    "pct3ResTime" : 2247.9399999999987,
    "throughput" : 34.1492149949203,
    "receivedKBytesPerSec" : 1984.88141051465,
    "sentKBytesPerSec" : 6.286256861857888
  }
}